Kolkata Knight Riders,RV Uthappa
Kolkata Knight Riders,G Gambhir
Kolkata Knight Riders,MK Pandey
Kolkata Knight Riders,AD Russell
Kolkata Knight Riders,YK Pathan
Kolkata Knight Riders,SA Yadav
Kolkata Knight Riders,Sandeep Sharma
Kolkata Knight Riders,Anureet Singh
Kolkata Knight Riders,MM Sharma
Kolkata Knight Riders,MP Stoinis
Kolkata Knight Riders,AR Patel
Kolkata Knight Riders,KC Cariappa
Kolkata Knight Riders,BB McCullum
Kolkata Knight Riders,MS Bisla
Kolkata Knight Riders,JH Kallis
Kolkata Knight Riders,IK Pathan
Kolkata Knight Riders,S Sreesanth
Kolkata Knight Riders,YA Abdulla
Kolkata Knight Riders,PP Chawla
Kolkata Knight Riders,Yuvraj Singh
Kolkata Knight Riders,Bipul Sharma
Kolkata Knight Riders,RS Bopara
Kolkata Knight Riders,SP Goswami
Kolkata Knight Riders,MK Tiwary
Kolkata Knight Riders,EJG Morgan
Kolkata Knight Riders,RN ten Doeschate
Kolkata Knight Riders,B Lee
Kolkata Knight Riders,L Balaji
Kolkata Knight Riders,B Kumar
Kolkata Knight Riders,BB Sran
Kolkata Knight Riders,BCJ Cutting
Kolkata Knight Riders,Mustafizur Rahman
Kolkata Knight Riders,MC Henriques
Kolkata Knight Riders,DB Das
Kolkata Knight Riders,R Bhatia
Kolkata Knight Riders,LR Shukla
Kolkata Knight Riders,SP Narine
Kolkata Knight Riders,Iqbal Abdulla
Kolkata Knight Riders,CH Gayle
Kolkata Knight Riders,BJ Hodge
Kolkata Knight Riders,SC Ganguly
Kolkata Knight Riders,SB Bangar
Kolkata Knight Riders,Yashpal Singh
Kolkata Knight Riders,AB Agarkar
Kolkata Knight Riders,I Sharma
Kolkata Knight Riders,GH Vihari
Kolkata Knight Riders,DW Steyn
Kolkata Knight Riders,NLTC Perera
Kolkata Knight Riders,A Mishra
Kolkata Knight Riders,A Ashish Reddy
Kolkata Knight Riders,CL White
Kolkata Knight Riders,A Singh
Kolkata Knight Riders,M Morkel
Kolkata Knight Riders,MM Patel
Kolkata Knight Riders,LA Carseldine
Kolkata Knight Riders,SK Warne
Kolkata Knight Riders,RA Jadeja
Kolkata Knight Riders,AS Raut
Kolkata Knight Riders,MS Gony
Kolkata Knight Riders,JA Morkel
Kolkata Knight Riders,A Flintoff
Kolkata Knight Riders,M Muralitharan
Kolkata Knight Riders,Joginder Sharma
Kolkata Knight Riders,AD Mascarenhas
Kolkata Knight Riders,Kamran Khan
Kolkata Knight Riders,T Henderson
Kolkata Knight Riders,R Ashwin
Kolkata Knight Riders,S Badree
Kolkata Knight Riders,SK Raina
Kolkata Knight Riders,DJ Hussey
Kolkata Knight Riders,SP Jackson
Kolkata Knight Riders,C de Grandhomme
Kolkata Knight Riders,CR Woakes
Kolkata Knight Riders,C Munro
Kolkata Knight Riders,J Botha
Kolkata Knight Riders,GB Hogg
Kolkata Knight Riders,UT Yadav
Kolkata Knight Riders,TG Southee
Kolkata Knight Riders,S Randiv
Kolkata Knight Riders,SB Jakati
Kolkata Knight Riders,Shakib Al Hasan
Kolkata Knight Riders,CA Lynn
Kolkata Knight Riders,A Chopra
Kolkata Knight Riders,T Taibu
Kolkata Knight Riders,WP Saha
Kolkata Knight Riders,M Kartik
Kolkata Knight Riders,Umar Gul
Kolkata Knight Riders,AB Dinda
Kolkata Knight Riders,AN Ghosh
Kolkata Knight Riders,BAW Mendis
Kolkata Knight Riders,R Sathish
Kolkata Knight Riders,CH Morris
Kolkata Knight Riders,JO Holder
Kolkata Knight Riders,DJ Bravo
Kolkata Knight Riders,A Nehra
Kolkata Knight Riders,SM Pollock
Kolkata Knight Riders,DS Kulkarni
Kolkata Knight Riders,ST Jayasuriya
Kolkata Knight Riders,Harbhajan Singh
Kolkata Knight Riders,AM Nayar
Kolkata Knight Riders,AD Mathews
Kolkata Knight Riders,BJ Haddin
Kolkata Knight Riders,JD Unadkat
Kolkata Knight Riders,MN van Wyk
Kolkata Knight Riders,RJ Harris
Kolkata Knight Riders,Harmeet Singh
Kolkata Knight Riders,RP Singh
Kolkata Knight Riders,MR Marsh
Kolkata Knight Riders,PP Ojha
Kolkata Knight Riders,A Symonds
Kolkata Knight Riders,SR Watson
Kolkata Knight Riders,SK Trivedi
Kolkata Knight Riders,AC Voges
Kolkata Knight Riders,PJ Cummins
Kolkata Knight Riders,Azhar Mahmood
Kolkata Knight Riders,P Awana
Kolkata Knight Riders,DL Chahar
Kolkata Knight Riders,LH Ferguson
Kolkata Knight Riders,DT Christian
Kolkata Knight Riders,Imran Tahir
Kolkata Knight Riders,Washington Sundar
Kolkata Knight Riders,P Kumar
Kolkata Knight Riders,S Kaushik
Kolkata Knight Riders,PV Tambe
Kolkata Knight Riders,DR Smith
Kolkata Knight Riders,SMSM Senanayake
Kolkata Knight Riders,IR Jaggi
Kolkata Knight Riders,NM Coulter-Nile
Kolkata Knight Riders,AS Rajpoot
Kolkata Knight Riders,Pankaj Singh
Kolkata Knight Riders,LRPL Taylor
Kolkata Knight Riders,AL Menaria
Kolkata Knight Riders,MV Boucher
Kolkata Knight Riders,JP Duminy
Kolkata Knight Riders,Mohammed Shami
Kolkata Knight Riders,WD Parnell
Kolkata Knight Riders,S Nadeem
Kolkata Knight Riders,R Sharma
Kolkata Knight Riders,JDS Neesham
Kolkata Knight Riders,Ankit Sharma
Kolkata Knight Riders,KV Sharma
Kolkata Knight Riders,Rashid Khan
Kolkata Knight Riders,DJ Hooda
Kolkata Knight Riders,DP Nannes
Kolkata Knight Riders,Z Khan
Kolkata Knight Riders,P Negi
Kolkata Knight Riders,CR Brathwaite
Kolkata Knight Riders,MJ McClenaghan
Kolkata Knight Riders,JJ Bumrah
Kolkata Knight Riders,KH Pandya
Kolkata Knight Riders,KA Pollard
Kolkata Knight Riders,R Vinay Kumar
Kolkata Knight Riders,RV Gomez
Kolkata Knight Riders,A Chandila
Kolkata Knight Riders,KK Cooper
Kolkata Knight Riders,FH Edwards
Kolkata Knight Riders,SB Styris
Kolkata Knight Riders,IC Pandey
Kolkata Knight Riders,JDP Oram
Kolkata Knight Riders,MG Neser
Kolkata Knight Riders,SL Malinga
Kolkata Knight Riders,AG Murtaza
Kolkata Knight Riders,JEC Franklin
Kolkata Knight Riders,K Upadhyay
Kolkata Knight Riders,AC Thomas
Kolkata Knight Riders,MJ Clarke
Kolkata Knight Riders,CRD Fernando
Kolkata Knight Riders,RT Ponting
Kolkata Knight Riders,Mohammad Hafeez
Kolkata Knight Riders,JP Faulkner
Kolkata Knight Riders,KJ Abbott
Kolkata Knight Riders,S Kaul
Kolkata Knight Riders,MG Johnson
Kolkata Knight Riders,Shivam Sharma
Kolkata Knight Riders,GJ Maxwell
Kolkata Knight Riders,MF Maharoof
Kolkata Knight Riders,DL Vettori
Kolkata Knight Riders,PJ Sangwan
Kolkata Knight Riders,S Tyagi
Kolkata Knight Riders,SJ Srivastava
Kolkata Knight Riders,STR Binny
Kolkata Knight Riders,KW Richardson
Kolkata Knight Riders,Kuldeep Yadav
Kolkata Knight Riders,Salman Butt
Kolkata Knight Riders,MN Samuels
Kolkata Knight Riders,RR Bose
Kolkata Knight Riders,VRV Singh
Kolkata Knight Riders,Basil Thampi
Kolkata Knight Riders,AJ Tye
Kolkata Knight Riders,DJG Sammy
Kolkata Knight Riders,SS Shaikh
Kolkata Knight Riders,CA Pujara
Kolkata Knight Riders,OA Shah
Kolkata Knight Riders,S Narwal
Kolkata Knight Riders,DP Vijaykumar
Kolkata Knight Riders,Shahid Afridi
Kolkata Knight Riders,DAJ Bracewell
Kolkata Knight Riders,VR Aaron
Kolkata Knight Riders,T Natarajan
Kolkata Knight Riders,Shoaib Akhtar
Kolkata Knight Riders,WPUJC Vaas
Kolkata Knight Riders,Y Venugopal Rao
Kolkata Knight Riders,DB Ravi Teja
Kolkata Knight Riders,LPC Silva
Kolkata Knight Riders,R McLaren
Kolkata Knight Riders,DE Bollinger
Kolkata Knight Riders,AN Ahmed
Kolkata Knight Riders,RG Sharma
Kolkata Knight Riders,R Tewatia
Kolkata Knight Riders,DM Bravo
Kolkata Knight Riders,CJ Anderson
Kolkata Knight Riders,M Ntini
Kolkata Knight Riders,CK Langeveldt
Kolkata Knight Riders,RS Gavaskar
Kolkata Knight Riders,S Dhawan
Kolkata Knight Riders,V Pratap Singh
Kolkata Knight Riders,Anand Rajan
Kolkata Knight Riders,PC Valthaty
Kolkata Knight Riders,SN Thakur
Kolkata Knight Riders,BA Stokes
Kolkata Knight Riders,J Suchith
Kolkata Knight Riders,HH Pandya
Kolkata Knight Riders,VS Malik
Kolkata Knight Riders,RR Powar
Kolkata Knight Riders,AB McDonald
Kolkata Knight Riders,AM Salvi
Kolkata Knight Riders,Y Nagar
Kolkata Knight Riders,JR Hopes
Kolkata Knight Riders,R Dhawan
Kolkata Knight Riders,GD McGrath
Kolkata Knight Riders,Mohammad Asif
Kolkata Knight Riders,VY Mahesh
Kolkata Knight Riders,Shoaib Malik
Kolkata Knight Riders,V Sehwag
Kolkata Knight Riders,J Yadav
Kolkata Knight Riders,A Zampa
Kolkata Knight Riders,Sohail Tanvir
Kolkata Knight Riders,TA Boult
Kolkata Knight Riders,JE Taylor
Kolkata Knight Riders,M Manhas
Kolkata Knight Riders,JD Ryder
Kolkata Knight Riders,Mashrafe Mortaza
Kolkata Knight Riders,TM Dilshan
Kolkata Knight Riders,P Parameswaran
Kolkata Knight Riders,NB Singh
Kolkata Knight Riders,Ankit Soni
Kolkata Knight Riders,DJ Muthuswami
Kolkata Knight Riders,L Ablish
Kolkata Knight Riders,R Shukla
Kolkata Knight Riders,Gagandeep Singh
Kolkata Knight Riders,AJ Finch
Kolkata Knight Riders,LJ Wright
Kolkata Knight Riders,C Nanda
Kolkata Knight Riders,Mandeep Singh
Kolkata Knight Riders,P Suyal
Kolkata Knight Riders,M Ashwin
Kolkata Knight Riders,Jaskaran Singh
Kolkata Knight Riders,TL Suman
Kolkata Knight Riders,P Amarnath
Kolkata Knight Riders,Karanveer Singh
Kolkata Knight Riders,SE Bond
Kolkata Knight Riders,SR Tendulkar
Kolkata Knight Riders,BE Hendricks
Kolkata Knight Riders,Parvez Rasool
Kolkata Knight Riders,T Thushara
Kolkata Knight Riders,C Ganapathy
Kolkata Knight Riders,P Dogra
Kolkata Knight Riders,SW Tait
Royal Challengers Bangalore,DW Steyn
Royal Challengers Bangalore,B Kumar
Royal Challengers Bangalore,P Kumar
Royal Challengers Bangalore,KV Sharma
Royal Challengers Bangalore,MC Henriques
Royal Challengers Bangalore,Bipul Sharma
Royal Challengers Bangalore,RS Bopara
Royal Challengers Bangalore,V Kohli
Royal Challengers Bangalore,KL Rahul
Royal Challengers Bangalore,AB de Villiers
Royal Challengers Bangalore,SR Watson
Royal Challengers Bangalore,Sachin Baby
Royal Challengers Bangalore,TM Head
Royal Challengers Bangalore,STR Binny
Royal Challengers Bangalore,AD Mascarenhas
Royal Challengers Bangalore,Harmeet Singh
Royal Challengers Bangalore,PP Chawla
Royal Challengers Bangalore,BA Bhatt
Royal Challengers Bangalore,MK Pandey
Royal Challengers Bangalore,JH Kallis
Royal Challengers Bangalore,RV Uthappa
Royal Challengers Bangalore,IK Pathan
Royal Challengers Bangalore,M Morkel
Royal Challengers Bangalore,UT Yadav
Royal Challengers Bangalore,AB Agarkar
Royal Challengers Bangalore,JR Hopes
Royal Challengers Bangalore,CH Gayle
Royal Challengers Bangalore,CJ Jordan
Royal Challengers Bangalore,Iqbal Abdulla
Royal Challengers Bangalore,AA Chavan
Royal Challengers Bangalore,A Singh
Royal Challengers Bangalore,KK Cooper
Royal Challengers Bangalore,SK Trivedi
Royal Challengers Bangalore,J Botha
Royal Challengers Bangalore,YK Pathan
Royal Challengers Bangalore,SK Warne
Royal Challengers Bangalore,Kamran Khan
Royal Challengers Bangalore,MM Patel
Royal Challengers Bangalore,RA Jadeja
Royal Challengers Bangalore,MA Agarwal
Royal Challengers Bangalore,NM Coulter-Nile
Royal Challengers Bangalore,Z Khan
Royal Challengers Bangalore,CH Morris
Royal Challengers Bangalore,CR Brathwaite
Royal Challengers Bangalore,A Mishra
Royal Challengers Bangalore,W Jaffer
Royal Challengers Bangalore,R Dravid
Royal Challengers Bangalore,MV Boucher
Royal Challengers Bangalore,RE van der Merwe
Royal Challengers Bangalore,D du Preez
Royal Challengers Bangalore,R Vinay Kumar
Royal Challengers Bangalore,A Kumble
Royal Challengers Bangalore,LRPL Taylor
Royal Challengers Bangalore,KP Pietersen
Royal Challengers Bangalore,R Bishnoi
Royal Challengers Bangalore,JD Ryder
Royal Challengers Bangalore,B Akhil
Royal Challengers Bangalore,PA Patel
Royal Challengers Bangalore,Yuvraj Singh
Royal Challengers Bangalore,S Rana
Royal Challengers Bangalore,AN Ahmed
Royal Challengers Bangalore,Mohammed Siraj
Royal Challengers Bangalore,S Kaul
Royal Challengers Bangalore,Rashid Khan
Royal Challengers Bangalore,GJ Maxwell
Royal Challengers Bangalore,S Nadeem
Royal Challengers Bangalore,TG Southee
Royal Challengers Bangalore,JJ Bumrah
Royal Challengers Bangalore,MJ McClenaghan
Royal Challengers Bangalore,HH Pandya
Royal Challengers Bangalore,Harbhajan Singh
Royal Challengers Bangalore,J Suchith
Royal Challengers Bangalore,Sandeep Sharma
Royal Challengers Bangalore,BE Hendricks
Royal Challengers Bangalore,Anureet Singh
Royal Challengers Bangalore,AR Patel
Royal Challengers Bangalore,Gurkeerat Singh
Royal Challengers Bangalore,TM Dilshan
Royal Challengers Bangalore,AUK Pathan
Royal Challengers Bangalore,SS Tiwary
Royal Challengers Bangalore,CA Pujara
Royal Challengers Bangalore,JJ van der Wath
Royal Challengers Bangalore,DL Vettori
Royal Challengers Bangalore,KH Pandya
Royal Challengers Bangalore,J Arunkumar
Royal Challengers Bangalore,S Chanderpaul
Royal Challengers Bangalore,CL White
Royal Challengers Bangalore,SL Malinga
Royal Challengers Bangalore,DJ Bravo
Royal Challengers Bangalore,AM Nayar
Royal Challengers Bangalore,SR Tendulkar
Royal Challengers Bangalore,JA Morkel
Royal Challengers Bangalore,NLTC Perera
Royal Challengers Bangalore,R Ashwin
Royal Challengers Bangalore,R Bhatia
Royal Challengers Bangalore,Ankit Sharma
Royal Challengers Bangalore,M Ashwin
Royal Challengers Bangalore,A Nehra
Royal Challengers Bangalore,AG Murtaza
Royal Challengers Bangalore,WD Parnell
Royal Challengers Bangalore,MJ Clarke
Royal Challengers Bangalore,SC Ganguly
Royal Challengers Bangalore,KP Appanna
Royal Challengers Bangalore,BCJ Cutting
Royal Challengers Bangalore,S Aravind
Royal Challengers Bangalore,J Syed Mohammad
Royal Challengers Bangalore,DP Nannes
Royal Challengers Bangalore,PJ Sangwan
Royal Challengers Bangalore,IC Pandey
Royal Challengers Bangalore,MM Sharma
Royal Challengers Bangalore,SK Raina
Royal Challengers Bangalore,M Kartik
Royal Challengers Bangalore,AB Dinda
Royal Challengers Bangalore,AD Mathews
Royal Challengers Bangalore,KM Jadhav
Royal Challengers Bangalore,P Negi
Royal Challengers Bangalore,AF Milne
Royal Challengers Bangalore,S Badree
Royal Challengers Bangalore,YS Chahal
Royal Challengers Bangalore,PV Tambe
Royal Challengers Bangalore,JP Faulkner
Royal Challengers Bangalore,R Tewatia
Royal Challengers Bangalore,LJ Wright
Royal Challengers Bangalore,RV Gomez
Royal Challengers Bangalore,MG Johnson
Royal Challengers Bangalore,BB Sran
Royal Challengers Bangalore,DJ Hooda
Royal Challengers Bangalore,Mustafizur Rahman
Royal Challengers Bangalore,CK Langeveldt
Royal Challengers Bangalore,A Mithun
Royal Challengers Bangalore,LA Pomersbach
Royal Challengers Bangalore,M Kaif
Royal Challengers Bangalore,KB Arun Karthik
Royal Challengers Bangalore,NJ Maddinson
Royal Challengers Bangalore,KK Nair
Royal Challengers Bangalore,JD Unadkat
Royal Challengers Bangalore,Mandeep Singh
Royal Challengers Bangalore,KD Karthik
Royal Challengers Bangalore,SN Khan
Royal Challengers Bangalore,TS Mills
Royal Challengers Bangalore,A Choudhary
Royal Challengers Bangalore,MP Stoinis
Royal Challengers Bangalore,Swapnil Singh
Royal Challengers Bangalore,A Ashish Reddy
Royal Challengers Bangalore,DT Christian
Royal Challengers Bangalore,R Rampaul
Royal Challengers Bangalore,D Wiese
Royal Challengers Bangalore,GB Hogg
Royal Challengers Bangalore,MS Bisla
Royal Challengers Bangalore,RR Rossouw
Royal Challengers Bangalore,HV Patel
Royal Challengers Bangalore,MA Starc
Royal Challengers Bangalore,SB Jakati
Royal Challengers Bangalore,VY Mahesh
Royal Challengers Bangalore,DS Kulkarni
Royal Challengers Bangalore,DR Smith
Royal Challengers Bangalore,L Balaji
Royal Challengers Bangalore,P Awana
Royal Challengers Bangalore,Karanveer Singh
Royal Challengers Bangalore,GH Vihari
Royal Challengers Bangalore,I Sharma
Royal Challengers Bangalore,SP Goswami
Royal Challengers Bangalore,Misbah-ul-Haq
Royal Challengers Bangalore,SM Pollock
Royal Challengers Bangalore,CRD Fernando
Royal Challengers Bangalore,ST Jayasuriya
Royal Challengers Bangalore,BW Hilfenhaus
Royal Challengers Bangalore,PJ Cummins
Royal Challengers Bangalore,Mohammed Shami
Royal Challengers Bangalore,AL Menaria
Royal Challengers Bangalore,ND Doshi
Royal Challengers Bangalore,VR Aaron
Royal Challengers Bangalore,M Muralitharan
Royal Challengers Bangalore,YV Takawale
Royal Challengers Bangalore,MJ Henry
Royal Challengers Bangalore,Basil Thampi
Royal Challengers Bangalore,RP Singh
Royal Challengers Bangalore,KA Pollard
Royal Challengers Bangalore,JEC Franklin
Royal Challengers Bangalore,JO Holder
Royal Challengers Bangalore,Parvez Rasool
Royal Challengers Bangalore,S Sreesanth
Royal Challengers Bangalore,RR Powar
Royal Challengers Bangalore,VRV Singh
Royal Challengers Bangalore,SW Tait
Royal Challengers Bangalore,AA Noffke
Royal Challengers Bangalore,SB Joshi
Royal Challengers Bangalore,A Mukund
Royal Challengers Bangalore,AD Russell
Royal Challengers Bangalore,Pankaj Singh
Royal Challengers Bangalore,T Henderson
Royal Challengers Bangalore,AC Voges
Royal Challengers Bangalore,A Zampa
Royal Challengers Bangalore,PP Ojha
Royal Challengers Bangalore,K Upadhyay
Royal Challengers Bangalore,MR Marsh
Royal Challengers Bangalore,T Shamsi
Royal Challengers Bangalore,R Shukla
Royal Challengers Bangalore,B Chipli
Royal Challengers Bangalore,AB McDonald
Royal Challengers Bangalore,Vishnu Vinod
Royal Challengers Bangalore,RR Raje
Royal Challengers Bangalore,DJ Thornely
Royal Challengers Bangalore,FH Edwards
Royal Challengers Bangalore,SB Styris
Royal Challengers Bangalore,R Dhawan
Royal Challengers Bangalore,JP Duminy
Royal Challengers Bangalore,Imran Tahir
Royal Challengers Bangalore,SJ Srivastava
Royal Challengers Bangalore,J Theron
Royal Challengers Bangalore,BA Stokes
Royal Challengers Bangalore,Washington Sundar
Royal Challengers Bangalore,SN Thakur
Royal Challengers Bangalore,VH Zol
Royal Challengers Bangalore,RA Tripathi
Royal Challengers Bangalore,GR Napier
Royal Challengers Bangalore,JDS Neesham
Royal Challengers Bangalore,DJG Sammy
Royal Challengers Bangalore,EJG Morgan
Royal Challengers Bangalore,S Sriram
Royal Challengers Bangalore,Sohail Tanvir
Royal Challengers Bangalore,YA Abdulla
Royal Challengers Bangalore,VS Malik
Royal Challengers Bangalore,RR Bhatkal
Royal Challengers Bangalore,RW Price
Royal Challengers Bangalore,JDP Oram
Royal Challengers Bangalore,MS Gony
Royal Challengers Bangalore,P Amarnath
Royal Challengers Bangalore,Joginder Sharma
Royal Challengers Bangalore,K Rabada
Royal Challengers Bangalore,CJ Anderson
Royal Challengers Bangalore,DB Ravi Teja
Royal Challengers Bangalore,KJ Abbott
Royal Challengers Bangalore,P Sahu
Royal Challengers Bangalore,P Parameswaran
Royal Challengers Bangalore,R Ninan
Royal Challengers Bangalore,S Kaushik
Royal Challengers Bangalore,LR Shukla
Royal Challengers Bangalore,SA Abbott
Royal Challengers Bangalore,AJ Finch
Royal Challengers Bangalore,FY Fazal
Royal Challengers Bangalore,S Randiv
Royal Challengers Bangalore,RJ Harris
Royal Challengers Bangalore,A Symonds
Royal Challengers Bangalore,RG Sharma
Royal Challengers Bangalore,KAJ Roach
Royal Challengers Bangalore,Jaskaran Singh
Royal Challengers Bangalore,Y Venugopal Rao
Royal Challengers Bangalore,DE Bollinger
Royal Challengers Bangalore,DT Patil
Royal Challengers Bangalore,Abdur Razzak
Royal Challengers Bangalore,S Tyagi
Royal Challengers Bangalore,Azhar Mahmood
Royal Challengers Bangalore,DJ Hussey
Royal Challengers Bangalore,WPUJC Vaas
Royal Challengers Bangalore,TL Suman
Royal Challengers Bangalore,PC Valthaty
Royal Challengers Bangalore,RG More
Royal Challengers Bangalore,DP Vijaykumar
Royal Challengers Bangalore,SB Bangar
Royal Challengers Bangalore,PD Collingwood
Royal Challengers Bangalore,M Ntini
Royal Challengers Bangalore,R McLaren
Royal Challengers Bangalore,KW Richardson
Royal Challengers Bangalore,Gagandeep Singh
Royal Challengers Bangalore,LMP Simmons
Royal Challengers Bangalore,JM Kemp
Royal Challengers Bangalore,S Dhawan
Royal Challengers Bangalore,AC Thomas
Royal Challengers Bangalore,R Sharma
Royal Challengers Bangalore,V Pratap Singh
Royal Challengers Bangalore,Anand Rajan
Royal Challengers Bangalore,GD McGrath
Royal Challengers Bangalore,MF Maharoof
Royal Challengers Bangalore,V Sehwag
Royal Challengers Bangalore,B Lee
Royal Challengers Bangalore,R Sathish
Royal Challengers Bangalore,KS Williamson
Royal Challengers Bangalore,DJ Muthuswami
